NOMBRE_EST,APELLIDO_EST,FECHA_NAC,GENERO,DIRECCION,CORREO_EST,TEL_EST
Ricki,Heningam,2001-09-28,M,1436 Elmside Pass,rheningam0@cbsnews.com,3054249902
Salome,Acott,1997-05-23,F,94 Sloan Plaza,sacott1@ycombinator.com,7773043868
Ally,Stapele,1998-02-08,F,42249 Harper Park,astapele2@freewebs.com,2517906600
Candida,Lautie,1995-01-04,F,7 Armistice Park,clautie3@baidu.com,8793104652
Kingsly,Elkin,1999-09-15,M,675 Londonderry Plaza,kelkin4@icq.com,7378535191
Davon,Towersey,1991-10-09,M,712 Crest Line Avenue,dtowersey5@theatlantic.com,1175884218
Mirella,O'Henery,1990-03-06,F,85 Nevada Trail,mohenery6@youtu.be,7875861533
Huntley,Le Brum,1991-08-23,M,6 Iowa Street,hlebrum7@canalblog.com,5712865165
Nikolos,Manuello,1999-09-25,M,88124 Barnett Point,nmanuello8@cbc.ca,3037959772
Gunar,Dimberline,1995-08-06,M,31 Washington Lane,gdimberline9@xrea.com,6773617045
Cirstoforo,Charity,1992-05-10,M,361 Saint Paul Street,ccharitya@yolasite.com,3206318454
Alla,Petegrew,1990-09-20,F,425 Bellgrove Drive,apetegrewb@squidoo.com,8506611090
Neille,Farr,1994-11-04,F,74919 Grayhawk Drive,nfarrc@ezinearticles.com,7449923950
Kristos,Kinlock,1994-09-25,M,77418 Eastwood Plaza,kkinlockd@domainmarket.com,8503381143
Sharlene,Lawn,2002-02-19,F,78 Village Alley,slawne@bizjournals.com,1288050018
Sven,Alltimes,1996-04-24,M,4357 Old Shore Junction,salltimesf@prlog.org,7049000554
Chrysler,Amphlett,1990-05-29,F,6 Carberry Avenue,camphlettg@forbes.com,6488955883
Bernete,Bemand,1995-03-04,F,833 John Wall Circle,bbemandh@google.pl,8342175273
Merry,Borkett,2001-11-28,M,287 Crownhardt Drive,mborketti@drupal.org,9553875334
Clotilda,Frisby,1999-12-12,F,43338 Duke Circle,cfrisbyj@ucoz.ru,8363635307
Daisie,Windas,1997-03-02,F,3 Summer Ridge Street,dwindask@odnoklassniki.ru,2807315902
Joyann,Plett,1999-01-28,F,86 Lien Street,jplettl@vimeo.com,9602334075
Abby,Jerrom,1993-06-13,M,22 Burning Wood Way,ajerromm@globo.com,5049103821
Melinde,Goodram,1990-04-12,F,9367 Bartillon Avenue,mgoodramn@indiegogo.com,1718094821
Anne-corinne,Dolton,1993-07-10,F,142 Warner Avenue,adoltono@accuweather.com,9563959391
Mic,Larner,1990-07-16,M,2945 John Wall Terrace,mlarnerp@xinhuanet.com,2783615431
Sibley,Roset,1997-04-23,F,266 Darwin Avenue,srosetq@qq.com,3522531040
Murial,Ionesco,1992-11-08,F,3 Golf Place,mionescor@cisco.com,2408719635
Jean,Yakolev,1991-11-12,F,9865 Ludington Street,jyakolevs@reference.com,4406565047
Cyrill,Spurman,1995-02-14,M,4525 Harper Point,cspurmant@seesaa.net,3981134375
Evey,Ollet,1995-11-29,F,95956 Dovetail Point,eolletu@uiuc.edu,9885070326
Roda,Billingham,1999-02-03,F,178 4th Point,rbillinghamv@npr.org,6621758575
Audie,Beiderbecke,2002-10-02,F,03 Jay Parkway,abeiderbeckew@epa.gov,5579663878
Dion,Selbach,1991-12-10,F,6719 Northwestern Alley,dselbachx@hc360.com,1268725169
Hammad,Bloomfield,1990-02-25,M,1 Crownhardt Junction,hbloomfieldy@answers.com,9208892822
Sheree,Adcock,1991-08-26,F,269 Raven Crossing,sadcockz@mapquest.com,2937211476
Caprice,Grishelyov,1990-10-12,F,1 Mockingbird Park,cgrishelyov10@hp.com,1853237710
Dixie,Gaenor,2000-12-12,F,8264 2nd Circle,dgaenor11@newyorker.com,2255790055
Dewitt,Bewshire,1998-08-26,M,78595 Arrowood Lane,dbewshire12@sciencedaily.com,1849709118
Fredia,Brawn,1992-01-07,F,61198 Northfield Drive,fbrawn13@berkeley.edu,5866675457
Timmie,De Cruce,1997-04-16,M,378 Autumn Leaf Parkway,tdecruce14@google.de,5132766654
Salvatore,Crichmer,2002-08-15,M,708 Hoffman Park,scrichmer15@cocolog-nifty.com,8106102424
Janina,Biddy,1999-06-07,F,355 Spohn Trail,jbiddy16@tmall.com,9779762611
Trevar,Penhaleurack,2001-12-06,M,95976 Fairview Alley,tpenhaleurack17@xinhuanet.com,2249193815
Gerhard,Struthers,1994-06-24,M,4986 Ronald Regan Avenue,gstruthers18@wiley.com,3669304863
Catie,Sharple,1991-11-01,F,18371 Northfield Lane,csharple19@cnbc.com,5354988006
Roseann,Stirton,1996-11-13,F,85 4th Junction,rstirton1a@sciencedirect.com,6462503909
Vernen,Calverd,1991-01-06,M,05976 Old Shore Crossing,vcalverd1b@jugem.jp,4808635773
Emelita,Shannahan,1991-10-05,F,107 Heffernan Road,eshannahan1c@bluehost.com,3679226449
Mareah,Foakes,1990-08-24,F,69282 Dottie Center,mfoakes1d@cocolog-nifty.com,2572023171
Fannie,Coulthart,1990-09-09,F,66059 Browning Plaza,fcoulthart1e@shop-pro.jp,1478857003
Fabian,Gethyn,1993-01-24,M,8134 Loeprich Center,fgethyn1f@meetup.com,1325306458
Analise,Fleg,1992-09-07,F,537 Northport Junction,afleg1g@china.com.cn,7134696613
Brigg,Ridgway,1998-12-09,M,9306 Jenifer Crossing,bridgway1h@angelfire.com,3993517722
Kerk,Biggerstaff,1996-05-21,M,63648 Hauk Alley,kbiggerstaff1i@addtoany.com,8105121834
Nero,Aleksahkin,1992-06-10,M,14736 Schiller Circle,naleksahkin1j@home.pl,5783207853
Stormi,Taleworth,1992-08-29,F,64202 Sage Center,staleworth1k@europa.eu,4113669232
Uri,Bickford,1994-09-18,M,444 Comanche Trail,ubickford1l@sakura.ne.jp,7695329456
Victoria,Nornasell,1990-02-02,F,9710 Stoughton Junction,vnornasell1m@cnet.com,4799212528
Granville,Gully,1998-07-17,M,00 Lillian Park,ggully1n@miibeian.gov.cn,3255767358
Fayette,Rasor,1997-11-05,F,70 Transport Court,frasor1o@yale.edu,8421460999
Clyve,Issakov,1999-01-26,M,4 Algoma Drive,cissakov1p@linkedin.com,9713438648
Nels,Eallis,1997-08-16,M,78 Pawling Avenue,neallis1q@deviantart.com,6534513518
Inge,Coneau,1994-07-08,F,95449 Linden Junction,iconeau1r@wikispaces.com,2338448162
Nelli,Lackmann,1991-03-22,F,91878 Kinsman Point,nlackmann1s@japanpost.jp,1159850286
Tristam,Diem,1991-01-03,M,2 Hooker Park,tdiem1t@dyndns.org,8121625705
Minnaminnie,Oattes,1996-09-06,F,5315 Dahle Road,moattes1u@cdbaby.com,5868442544
Tandi,Parkman,1999-03-03,F,09188 Sachtjen Trail,tparkman1v@whitehouse.gov,2484537842
Hewett,Lessmare,1995-08-09,M,9745 Walton Way,hlessmare1w@amazonaws.com,9217585564
Ruth,Levison,1996-08-01,F,386 Anzinger Drive,rlevison1x@howstuffworks.com,7277645815
Edgardo,Forstall,1999-03-14,M,7948 Manufacturers Place,eforstall1y@cloudflare.com,5157388257
Abbie,Scanlin,1999-10-05,M,48161 Bayside Trail,ascanlin1z@quantcast.com,7019903859
Paulie,Chaudron,1991-12-09,M,8 Anhalt Way,pchaudron20@networkadvertising.org,5784546121
Nickolaus,Kinsell,2000-04-06,M,13 Pankratz Terrace,nkinsell21@bigcartel.com,7909465104
Lester,Savins,1995-03-01,M,4858 Maple Wood Road,lsavins22@bbb.org,2523506864
Therese,Abramovitch,1996-09-06,F,658 Oak Valley Street,tabramovitch23@cmu.edu,7744194588
Ginger,Mehmet,1993-06-23,M,48 Merchant Drive,gmehmet24@chicagotribune.com,9454739030
Shaina,Verlinde,1999-05-13,F,5208 Caliangt Center,sverlinde25@digg.com,6217798298
Virgie,Rosell,1993-09-22,M,04 Grasskamp Court,vrosell26@wikia.com,5812230108
Baxie,Schulz,2000-02-11,M,03 Merry Road,bschulz27@youtube.com,2184670317
Melvyn,Scollard,1991-10-05,M,1 Maple Junction,mscollard28@netvibes.com,9444613293
Edna,Koch,1997-01-30,F,569 Sommers Hill,ekoch29@google.it,3347513628
Selinda,De Bell,2001-01-21,F,678 Almo Terrace,sdebell2a@parallels.com,8952407486
Glynis,Smewing,1990-04-19,F,3 Doe Crossing Hill,gsmewing2b@clickbank.net,8926426757
Clarey,Sabathe,1991-08-10,F,68795 Hovde Avenue,csabathe2c@dailymail.co.uk,8898312782
Perren,Antonietti,1990-05-25,M,594 Gina Junction,pantonietti2d@accuweather.com,3296553914
Vicky,Mariner,1997-03-06,F,6071 Morning Circle,vmariner2e@scientificamerican.com,1711041805
Happy,Manby,1992-11-18,F,626 Randy Way,hmanby2f@abc.net.au,2915542084
Helyn,Nisco,1992-11-29,F,95 Birchwood Drive,hnisco2g@ted.com,6088094372
Coretta,Gradon,2001-07-12,F,21 Helena Center,cgradon2h@blogtalkradio.com,5596542811
Xerxes,Cummungs,1998-08-26,M,1863 Judy Terrace,xcummungs2i@weibo.com,5091203801
Saundra,Kilmary,1999-08-19,F,84 Thompson Junction,skilmary2j@mit.edu,5216678027
Coralie,Whitchurch,2000-04-28,F,7 Elka Lane,cwhitchurch2k@reverbnation.com,2033598055
Howard,Taborre,1992-05-04,M,9425 Kedzie Center,htaborre2l@examiner.com,1924115164
Ebba,Windous,1994-04-05,F,77850 Quincy Way,ewindous2m@github.io,2453205150
Livvyy,Dikels,1997-04-24,F,1498 Twin Pines Junction,ldikels2n@nsw.gov.au,7644870056
Benji,Sellors,1997-08-19,M,241 Dovetail Lane,bsellors2o@ed.gov,8976323612
Lorrie,Axleby,1993-10-21,F,5 Sutteridge Street,laxleby2p@mozilla.com,7337743838
Giuseppe,Paydon,1996-01-27,M,96 2nd Junction,gpaydon2q@mit.edu,1465210322
Bryanty,MacNeilley,1994-10-08,M,6586 Clove Circle,bmacneilley2r@wikispaces.com,9285363897
